modele,equation,r2,asymptote_y,asymptote_x
lineaire,y = 8.588807*x + 177.677151,0.8430145272558078,NA,NA
hyperbolique,y = 668.874585 - 1/(0.00011066*x + 0.00147192),0.993649187985045,668.874584981451,-13.30120853580943
